{"rnn": [8.713768919020385, 7.91915940875739, 7.364412418237924, 6.963627343685405, 6.668626010017293, 6.440867483462709, 6.260410136478619, 6.112370525709552, 5.9919177898169655, 5.897070016466821, 5.822421390919093, 5.763493006211792, 5.719755524508771, 5.69010005308769, 5.671368467824895, 5.662411593795197, 5.662769530254322, 5.670355311893791, 5.682933070876726, 5.6986037383235795, 5.714543657370411], "lstm": [8.422882295501294, 7.243378933056189, 6.60546670024743, 6.177005851226441, 5.861832868802348, 5.63267134447955, 5.466770791241297, 5.348802728574816, 5.267513765061094, 5.217339502802822, 5.195572165413466, 5.198139390524291, 5.219445786553009, 5.2564969389791605, 5.307840360349595, 5.3754214002026846], "gru": [7.99673493396039, 6.8897950289771055, 6.282980269118776, 5.857850575393834, 5.5547431292966545, 5.332624218739238, 5.17237802680071, 5.058484409729889, 4.979394151153981, 4.926683456573907, 4.895859876628813, 4.883737601102422, 4.885974624653384, 4.901111747812037, 4.927199836109669, 4.962627932680747, 5.006436566373553]}