{"rnn": [9.340775247703759, 7.733628459556898, 6.838956986491141, 6.257739285373924, 5.822979064326343, 5.516834545395092, 5.2817912038299735, 5.125326207174659, 5.013525143837827, 4.927865518702959, 4.873036107934888, 4.811844425606479, 4.785311646150628, 4.764109966836965, 4.75729196792316, 4.743176688920012, 4.751041091103315, 4.7535069495202045, 4.769159105367213, 4.7839439058828805, 4.801519185750688], "lstm": [19.01908670478874, 13.953092400622072, 11.369951418752718, 10.153552711938172, 9.31600636944393, 8.578929738884089, 7.942101427345594, 7.351992386782957, 6.899826421950081, 6.5333197856515675, 6.269077338868446, 5.9594422831183005, 5.71624248860881, 5.520294892464004, 5.329925129787444, 5.188817344921047, 5.0632008648384925, 4.97621828475088, 4.8693268791319575, 4.810300834426118, 4.769082795993445, 4.755172820027405, 4.751687436470362, 4.733299667665703, 4.735947083198798, 4.754936575767535, 4.777614680817178, 4.843311564570531, 4.881113979647669], "gru": [10.490182924771142, 8.20123501897826, 6.982331517125697, 6.202146950667571, 5.616937135831007, 5.228194677097606, 4.963241721120498, 4.780803294297943, 4.653669576583572, 4.5587413427964965, 4.496158677548818, 4.4581515624444, 4.446751090813889, 4.424326414228489, 4.431535477346949, 4.447194245561799, 4.463487546697025, 4.487339724504735, 4.543564355150049]}